sprint_name,delta_loc,effort,loc,tfs_branch,violation,bug_count,complete_date,cycle_time,end_date,lead_time,start_date,state,velocity,wip_count
Sprint 14 - 09 Jul to 20 Jul,0,4463,4093,,517,3,Sun Jul 22 00:00:00 IST 2018,387,Fri Jul 20 00:00:00 IST 2018,8,Mon Jul 09 00:00:00 IST 2018,closed,39,10
Sprint 13 - 25 Jun to 06 Jul,4026,4518,4026,,513,4,Wed Jul 11 00:00:00 IST 2018,313,Fri Jul 06 00:00:00 IST 2018,2,Mon Jun 25 00:00:00 IST 2018,closed,15,10
Sprint 12 - 11 Jun to 22 Jun,0,3946,3761,,458,6,Mon Jun 25 00:00:00 IST 2018,515,Fri Jun 22 00:00:00 IST 2018,7,Mon Jun 11 00:00:00 IST 2018,closed,98,10
Sprint 11 - 28 May to 08 Jun,-4,3633,3713,,432,7,Mon Jun 11 00:00:00 IST 2018,523,Fri Jun 08 00:00:00 IST 2018,21,Mon May 28 00:00:00 IST 2018,closed,107,11
Sprint 10 - 14 May to 25 May,1757,3531,3712,,423,6,Mon Jun 11 00:00:00 IST 2018,323,Mon May 28 00:00:00 IST 2018,35,Mon May 14 00:00:00 IST 2018,closed,143,1
Sprint 9 - 30 Apr to 11 May,1646,2253,2445,,267,5,Mon May 14 00:00:00 IST 2018,385,Fri May 11 00:00:00 IST 2018,49,Mon Apr 30 00:00:00 IST 2018,closed,181,6
Sprint 8 - 13 Apr to 27 Apr,0,426,799,,68,9,Mon Apr 30 00:00:00 IST 2018,325,Fri Apr 27 00:00:00 IST 2018,66,Fri Apr 13 00:00:00 IST 2018,closed,138,3
Sprint 7 - 29 Mar to 14 Apr,1499,2253,2298,,267,7,Fri Apr 13 00:00:00 IST 2018,530,Thu Apr 12 00:00:00 IST 2018,81,Thu Mar 29 00:00:00 IST 2018,closed,60,4
Sprint 6 - 15 Mar to 28 Mar,1156,1572,1955,,211,8,Thu Mar 29 00:00:00 IST 2018,169,Thu Mar 29 00:00:00 IST 2018,95,Thu Mar 15 00:00:00 IST 2018,closed,88,2
Sprint 5 - 1st Mar to 14th Mar,-273,426,799,,68,2,Fri Mar 16 00:00:00 IST 2018,185,Thu Mar 15 00:00:00 IST 2018,109,Thu Mar 01 00:00:00 IST 2018,closed,0,0
Sprint 15 - 23 Jul to 03 Aug,0,0,0,,0,,Mon Aug 06 00:00:00 IST 2018,313,Fri Aug 03 00:00:00 IST 2018,2,Mon Jul 23 00:00:00 IST 2018,active,15,10
