sprint_name,delta_loc,effort,loc,tfs_branch,violation,bug_count,complete_date,cycle_time,end_date,lead_time,start_date,state,velocity,wip_count
Sprint 26 - 24 Dec to 1 Jan,141,0,189,,150,2,Fri Jan 04 00:00:00 IST 2019,18,Tue Jan 01 00:00:00 IST 2019,37,Mon Dec 24 00:00:00 IST 2018,closed,10,10
Sprint 25 - 10 Dec to 21 Dec,787,1950,0,,123,2,Fri Jan 04 00:00:00 IST 2019,18,Fri Dec 21 00:00:00 IST 2018,37,Tue Dec 11 00:00:00 IST 2018,closed,24,10
Sprint 24 - 26 Nov to 7 Dec,367,1321,0,,103,2,Tue Dec 11 00:00:00 IST 2018,37,Fri Dec 07 00:00:00 IST 2018,129,Mon Nov 26 00:00:00 IST 2018,closed,13,9
Sprint 23 - 12 Nov to 23 Nov,0,1599,4323,,199,2,Tue Nov 27 00:00:00 IST 2018,77,Fri Nov 23 00:00:00 IST 2018,127,Mon Nov 12 00:00:00 IST 2018,closed,8,8
Sprint 22 - 29 Oct to 9 Nov,0,4599,4323,,170,0,Mon Nov 19 00:00:00 IST 2018,80,Thu Nov 29 00:00:00 IST 2018,122,Mon Oct 29 00:00:00 IST 2018,closed,8,1
Sprint 21 - 12 Oct to 26 Oct,-13,2599,4323,,189,2,Mon Nov 19 00:00:00 IST 2018,58,Fri Oct 26 00:00:00 IST 2018,133,Fri Oct 12 00:00:00 IST 2018,closed,13,9
Sprint 20 - 1 Oct to 12 Oct,-14,3364,4322,,288,2,Tue Oct 23 00:00:00 IST 2018,11,Fri Oct 12 00:00:00 IST 2018,11,Mon Oct 01 00:00:00 IST 2018,closed,8,9
Sprint 19 - 17 Sep to 28 Sep,126,4950,4336,,547,2,Mon Oct 08 00:00:00 IST 2018,18,Fri Sep 28 00:00:00 IST 2018,58,Mon Sep 17 00:00:00 IST 2018,closed,13,8
Sprint 16 - 06 Aug to 17 Aug,192,1950,4336,,176,3,Mon Sep 17 00:00:00 IST 2018,26,Fri Aug 17 00:00:00 IST 2018,39,Mon Aug 06 00:00:00 IST 2018,closed,104,8
Sprint 15 - 23 Jul to 03 Aug,312,4950,4336,,147,3,Mon Aug 06 00:00:00 IST 2018,34,Fri Aug 03 00:00:00 IST 2018,45,Mon Jul 23 00:00:00 IST 2018,closed,63,6
Sprint 14 - 09 Jul to 20 Jul,94,3120,4336,,407,3,Sun Jul 22 00:00:00 IST 2018,25,Fri Jul 20 00:00:00 IST 2018,34,Mon Jul 09 00:00:00 IST 2018,closed,43,6
Sprint 13 - 25 Jun to 06 Jul,0,1950,4336,,175,3,Wed Jul 11 00:00:00 IST 2018,11,Fri Jul 06 00:00:00 IST 2018,12,Mon Jun 25 00:00:00 IST 2018,closed,78,6
Sprint 12 - 11 Jun to 22 Jun,341,2950,4336,,247,6,Mon Jun 25 00:00:00 IST 2018,40,Fri Jun 22 00:00:00 IST 2018,52,Mon Jun 11 00:00:00 IST 2018,closed,77,6
Sprint 11 - 28 May to 08 Jun,0,4950,2336,,347,7,Mon Jun 11 00:00:00 IST 2018,45,Fri Jun 08 00:00:00 IST 2018,50,Mon May 28 00:00:00 IST 2018,closed,68,8
Sprint 10 - 14 May to 25 May,285,3160,4336,,460,6,Mon Jun 11 00:00:00 IST 2018,13,Mon May 28 00:00:00 IST 2018,23,Mon May 14 00:00:00 IST 2018,closed,148,0
Sprint 9 - 30 Apr to 11 May,231,4950,4336,,247,5,Mon May 14 00:00:00 IST 2018,19,Fri May 11 00:00:00 IST 2018,39,Mon Apr 30 00:00:00 IST 2018,closed,192,4
Sprint 8 - 13 Apr to 27 Apr,542,4950,4336,,271,9,Mon Apr 30 00:00:00 IST 2018,22,Fri Apr 27 00:00:00 IST 2018,27,Fri Apr 13 00:00:00 IST 2018,closed,141,2
Sprint 7 - 29 Mar to 14 Apr,0,4950,4336,,347,7,Fri Apr 13 00:00:00 IST 2018,52,Thu Apr 12 00:00:00 IST 2018,58,Thu Mar 29 00:00:00 IST 2018,closed,60,4
Sprint 6 - 15 Mar to 28 Mar,73,3950,4336,,347,8,Thu Mar 29 00:00:00 IST 2018,13,Thu Mar 29 00:00:00 IST 2018,17,Thu Mar 15 00:00:00 IST 2018,closed,91,1
Sprint 5 - 1st Mar to 14th Mar,73,426,799,,68,2,Fri Mar 16 00:00:00 IST 2018,6,Thu Mar 15 00:00:00 IST 2018,8,Thu Mar 01 00:00:00 IST 2018,closed,17,0
Sprint 27 - 2 Jan to 15 Jan,0,0,0,,0,0,undefined,4,Tue Jan 15 00:00:00 IST 2019,4,Wed Jan 02 00:00:00 IST 2019,active,2,1
